x,y_true,y_pred
1.000000,2.000000,2.332143
2.000000,4.000000,3.183016
3.000000,5.000000,4.033889
4.000000,4.000000,4.884762
5.000000,5.000000,5.735635
6.000000,7.000000,6.586507
7.000000,8.000000,7.437380
8.000000,8.000000,8.288253
9.000000,9.000000,9.139126
10.000000,10.000000,9.989999
