x,y_true,y_pred
1.000000,2.100000,2.320000
2.000000,3.900000,3.848485
3.000000,6.500000,5.908788
4.000000,8.300000,8.500909
5.000000,11.400000,11.624848
6.000000,15.100000,15.280606
7.000000,19.600000,19.468182
8.000000,24.200000,24.187576
9.000000,29.500000,29.438788
10.000000,35.200000,35.221818
